{
  "version": 1,
  "width": 211,
  "height": 52,
  "duration": 70.592386,
  "command": null,
  "title": null,
  "env": {
    "TERM": "xterm-256color",
    "SHELL": "/usr/bin/zsh"
  },
  "stdout": [
    [
      0.124204,
      "\u001b[1m\u001b[7m%\u001b[27m\u001b[1m\u001b[0m                                                                                                                                                                                                                  \r \r"
    ],
    [
      0.009686,
      "\r\n\u001b[34m~/Documents \u001b[90m \u001b[39m \u001b[33m\u001b[39m\r\n"
    ],
    [
      0.001193,
      "\u001b]7;file://localhost.localdomain/home/ryan/Documents\u0007"
    ],
    [
      0.00024,
      "\u001b]2;ryan@localhost: ~/Documents\u0007\u001b]1;~/Documents\u0007"
    ],
    [
      4.3e-05,
      "\r\u001b[0m\u001b[27m\u001b[24m\u001b[J\u001b[35m❯\u001b[39m \u001b[K\u001b[208C\u001b[90m\u001b[39m\u001b[208D"
    ],
    [
      7.4e-05,
      "\u001b[?1h\u001b="
    ],
    [
      2.5e-05,
      "\u001b[?2004h"
    ],
    [
      0.412292,
      "s"
    ],
    [
      0.110397,
      "\bsu"
    ],
    [
      0.095713,
      "d"
    ],
    [
      0.088404,
      "o"
    ],
    [
      0.152361,
      " "
    ],
    [
      0.071758,
      "k"
    ],
    [
      0.104267,
      "p"
    ],
    [
      0.087317,
      "o"
    ],
    [
      0.11271,
      "d"
    ],
    [
      0.111761,
      " "
    ],
    [
      0.159277,
      "i"
    ],
    [
      0.104765,
      "m"
    ],
    [
      0.064318,
      "a"
    ],
    [
      0.120056,
      "g"
    ],
    [
      0.119365,
      "e"
    ],
    [
      0.080492,
      "s"
    ],
    [
      0.951863,
      " "
    ],
    [
      0.159497,
      "-"
    ],
    [
      0.136516,
      "-"
    ],
    [
      0.199163,
      "n"
    ],
    [
      0.01633,
      "o"
    ],
    [
      0.448776,
      "-"
    ],
    [
      0.207994,
      "t"
    ],
    [
      0.152093,
      "r"
    ],
    [
      0.055038,
      "u"
    ],
    [
      0.176713,
      "n"
    ],
    [
      0.135272,
      "c"
    ],
    [
      0.095942,
      "\u001b[?1l\u001b>"
    ],
    [
      3.2e-05,
      "\u001b[?2004l\r\r\n"
    ],
    [
      0.002433,
      "\u001b]2;sudo kpod images --no-trunc\u0007\u001b]1;kpod\u0007"
    ],
    [
      0.923418,
      "[sudo] password for ryan: "
    ],
    [
      2.074715,
      "\r\n"
    ],
    [
      0.094747,
      "IMAGE ID                                                         IMAGE NAME                                               CREATED AT             SIZE        \r\n3edb693215a22336c352ba66d101fafda7e2ecbad1ecf2137e1c495e461d8f23 docker.io/kubernetes/pause:latest                        Jul 19, 2014 07:02     241 KB\r\n"
    ],
    [
      4.8e-05,
      "1adfcf922a991e2d59a98dd2b5adc813b590261737d77c3ec7ae23e4f927d6bb docker.io/library/fedora:latest                          Jul 20, 2017 17:07     219.9 MB\r\n524b9482e987a953b81321580372c07c3c765ce7c336445797428658384c6812 docker.io/library/redis:latest                           Jul 24, 2017 18:37     101 MB\r\n"
    ],
    [
      3.2e-05,
      "9518288ded9bd43a055a4022d84c440b3ac16981f943bb099b60e0984e9e23d2 docker.io/library/redis:alpine                           Jul 24, 2017 18:39    "
    ],
    [
      1.5e-05,
      " 26.22 MB\r\n"
    ],
    [
      0.003017,
      "\u001b[1m\u001b[7m%\u001b[27m\u001b[1m\u001b[0m                                                                                                                                                                                                                  \r \r"
    ],
    [
      0.006156,
      "\r\n\u001b[34m~/Documents \u001b[90m \u001b[39m \u001b[33m\u001b[39m\r\n"
    ],
    [
      0.001142,
      "\u001b]7;file://localhost.localdomain/home/ryan/Documents\u0007"
    ],
    [
      8.6e-05,
      "\u001b]2;ryan@localhost: ~/Documents\u0007"
    ],
    [
      2.2e-05,
      "\u001b]1;~/Documents\u0007"
    ],
    [
      7.5e-05,
      "\r\u001b[0m\u001b[27m\u001b[24m\u001b[J\u001b[35m❯\u001b[39m \u001b[K\u001b[208C\u001b[90m\u001b[39m\u001b[208D"
    ],
    [
      4.6e-05,
      "\u001b[?1h\u001b="
    ],
    [
      3.7e-05,
      "\u001b[?2004h"
    ],
    [
      0.886568,
      "s"
    ],
    [
      0.096261,
      "\bsu"
    ],
    [
      0.111853,
      "d"
    ],
    [
      0.096212,
      "o"
    ],
    [
      0.151385,
      " "
    ],
    [
      0.096537,
      "k"
    ],
    [
      0.119713,
      "p"
    ],
    [
      0.088167,
      "o"
    ],
    [
      0.080228,
      "d"
    ],
    [
      0.079182,
      " "
    ],
    [
      0.112538,
      "i"
    ],
    [
      0.079674,
      "m"
    ],
    [
      0.056297,
      "a"
    ],
    [
      0.103794,
      "g"
    ],
    [
      0.088587,
      "e"
    ],
    [
      0.071571,
      "s"
    ],
    [
      0.111789,
      " "
    ],
    [
      0.095429,
      "-"
    ],
    [
      0.111867,
      "q"
    ],
    [
      0.104761,
      "\u001b[?1l\u001b>"
    ],
    [
      7.1e-05,
      "\u001b[?2004l\r\r\n"
    ],
    [
      0.002163,
      "\u001b]2;sudo kpod images -q\u0007\u001b]1;kpod\u0007"
    ],
    [
      0.094032,
      "3edb693215a22336c352ba66d101fafda7e2ecbad1ecf2137e1c495e461d8f23\r\n1adfcf922a991e2d59a98dd2b5adc813b590261737d77c3ec7ae23e4f927d6bb\r\n524b9482e987a953b81321580372c07c3c765ce7c336445797428658384c6812\r\n9518288ded9bd43a055a4022d84c440b3ac16981f943bb099b60e0984e9e23d2\r\n"
    ],
    [
      0.003725,
      "\u001b[1m\u001b[7m%\u001b[27m\u001b[1m\u001b[0m                                                                                                                                                                                                                  \r \r"
    ],
    [
      0.005854,
      "\r\n\u001b[34m~/Documents \u001b[90m \u001b[39m \u001b[33m\u001b[39m\r\n"
    ],
    [
      0.001193,
      "\u001b]7;file://localhost.localdomain/home/ryan/Documents\u0007"
    ],
    [
      0.000124,
      "\u001b]2;ryan@localhost: ~/Documents\u0007"
    ],
    [
      1.6e-05,
      "\u001b]1;~/Documents\u0007"
    ],
    [
      8.6e-05,
      "\r\u001b[0m\u001b[27m\u001b[24m\u001b[J\u001b[35m❯\u001b[39m "
    ],
    [
      1.5e-05,
      "\u001b[K\u001b[208C\u001b[90m\u001b[39m\u001b[208D"
    ],
    [
      4e-05,
      "\u001b[?1h\u001b="
    ],
    [
      3.3e-05,
      "\u001b[?2004h"
    ],
    [
      0.435898,
      "s"
    ],
    [
      0.112366,
      "\bsu"
    ],
    [
      0.111992,
      "d"
    ],
    [
      0.112267,
      "o"
    ],
    [
      0.568088,
      " "
    ],
    [
      0.144544,
      "k"
    ],
    [
      0.08714,
      "p"
    ],
    [
      0.088557,
      "o"
    ],
    [
      0.127939,
      "d"
    ],
    [
      0.11142,
      " "
    ],
    [
      0.120489,
      "i"
    ],
    [
      0.095497,
      "m"
    ],
    [
      0.047875,
      "a"
    ],
    [
      0.112543,
      "g"
    ],
    [
      0.104444,
      "e"
    ],
    [
      0.079575,
      "s"
    ],
    [
      0.112181,
      " "
    ],
    [
      0.11919,
      "-"
    ],
    [
      0.128898,
      "-"
    ],
    [
      0.151844,
      "d"
    ],
    [
      0.136544,
      "i"
    ],
    [
      0.095629,
      "g"
    ],
    [
      0.119155,
      "e"
    ],
    [
      0.128803,
      "s"
    ],
    [
      0.111432,
      "t"
    ],
    [
      0.176822,
      "s"
    ],
    [
      0.431024,
      " "
    ],
    [
      0.09658,
      "r"
    ],
    [
      0.087774,
      "e"
    ],
    [
      0.176653,
      "d"
    ],
    [
      0.1115,
      "i"
    ],
    [
      0.135886,
      "s"
    ],
    [
      0.136357,
      "\u001b[?1l\u001b>"
    ],
    [
      0.000139,
      "\u001b[?2004l\r\r\n"
    ],
    [
      0.006555,
      "\u001b]2;sudo kpod images --digests redis\u0007\u001b]1;kpod\u0007"
    ],
    [
      0.089604,
